{"phone-type": [0.27927237050149606, 0.12706370437628678, 0.21072932139999168, 0.2289521037120096, 0.22577345060669812, 0.2618217806875053, 0.1465950547384433, 0.1690861180250356, 0.16539126967335926, 0.17199327009393295, 0.13188957975696658, 0.1327288189732197, 0.122707594455159, 0.16316119959679845, 0.18955591164743413, 0.21626914978785428, 0.1797015240957206], "gender": [-0.014818073811653187, -0.020600080216295686, -0.019282308693119688, -0.02040887799016129, 0.007223285721524438, -0.013045575351499604, 0.0071026068961314364, -0.0026768961651547725, -0.005002211620781759, -0.017738832866739045, 0.004100663917128908, -0.01821299275427813, 0.05020751477054233, -0.017150820442512413, 0.1623177123233237, -0.021200611200104063, 0.355302011704292], "pitch": [-0.034007327188500185, -0.033063187926881635, -0.029952498907855254, -0.030844738060802904, -0.03528916949938927, -0.03705094774448129, -0.03977328143540466, -0.034596787683267335, -0.038494063064870444, -0.03801622266293132, -0.03464039501742585, -0.033712084715393845, -0.02668165473359256, -0.039131322115549524, 0.04167414398003727, -0.03752149456759453, 0.04505442428134078], "duration": [-0.03915547577285115, -0.03899164642475507, -0.03797548356020002, -0.03824287448531587, -0.03667781853428343, -0.03971080737964863, -0.03190145348386212, -0.029347067959149122, -0.03458923585230072, -0.036274306041474615, -0.036295814056044096, -0.03603175409596918, -0.036299112238262286, -0.03353988600370088, -0.02675102828752077, -0.035270395217367426, -0.033128541950115394]}