{"phone-type": [0.18620246457632023, 0.16137527606108826, 0.1797015240957206], "gender": [-0.019037486113627572, 0.017397207208232814, 0.355302011704292], "pitch": [-0.03500805519225664, -0.03652692935021275, 0.04505442428134078], "duration": [-0.03732472714780991, -0.03740372759843085, -0.033128541950115394]}