{"phone-type": [0.2004408792461865, 0.2123475281264004, 0.24220723457281343, 0.2252216615881052, 0.1753472764021478, 0.18270132094394118, 0.18941710869808376, 0.2738563506413432, 0.2448041456380025, 0.22139428055000712, 0.19780656599613056, 0.1797015240957206], "gender": [0.4071062305352338, 0.36435673020781556, -0.006632691914672082, -0.018318231616942578, -0.020857810076543495, -0.02018486557958688, -0.018008857775579888, -0.01930829090493077, -0.01662825812994023, -0.015450461104051811, 0.01322536682870703, 0.355302011704292], "pitch": [0.2528734945791185, 0.20250357492060844, -0.03682639800307383, -0.0333822587515444, -0.0365375216636907, -0.038755702347908434, -0.03269049229772566, -0.036639409810769845, -0.03813590397133405, -0.031147424378022686, -0.029643134384278704, 0.04505442428134078], "duration": [-0.0381717328147824, -0.03856845644061555, -0.040200717436442025, -0.04249581316582288, -0.03909441013493631, -0.03927919619888632, -0.03969776215418072, -0.04120142683892341, -0.03858990336514131, -0.036342165374267585, -0.034836150577570356, -0.033128541950115394]}