{
   "hubert_base": [
      0.257684690241679,
      0.36546180585059007,
      0.1824110239747643
   ],
   "wav2vec2_base": [
      0.27232848714671565,
      0.10098190790182916,
      0.049922383663796796
   ],
   "wavlm_base": [
      0.26906489855247007,
      0.37035180041499877,
      0.1798280672784406
   ],
   "melhubert_base": [
      0.2738563506413432,
      0.4071062305352338,
      0.2528734945791178
   ],
   "pr": [
      0.26088165652195,
      0.36240721422004846,
      0.19594522719691174
   ],
   "sid": [
      0.27493389119596273,
      0.6363120767519902,
      0.39420905302868503
   ]
}