{"melhubert_base": [0.2738563506413432, 0.4071062305352338, 0.2528734945791185], "hubert_base": [0.257684690241679, 0.36546180585059, 0.1824110239747645], "wav2vec2_base": [0.2723284871467158, 0.10098190790182816, 0.049922383663796734], "wavlm_base": [0.26906489855246996, 0.3703518004149986, 0.1798280672784407]}