{"phone-type": [0.22346224524584293, 0.20619620148312706, 0.29586067104262864, 0.2350670439236253, 0.19260716670666547, 0.2510504919902183, 0.15110549503464213, 0.17285625230823431, 0.11142683788046077, 0.13109083436465774, 0.13439488679885317, 0.13532791420885182, 0.14216094163571094, 0.13091655726471624, 0.21311456836500225, 0.2237725969884598, 0.1797015240957206], "gender": [-0.019340729129721724, -0.020512030591293855, -0.017844532542620663, -0.020419423227697662, -0.014833211070329613, -0.02122454234253779, -0.0020767094960681934, -0.010899939425611509, 0.00801609998180446, -0.01801265384560427, -0.014485731947736679, -0.019192630818547985, -0.01815323755850719, -0.020966362069035818, 0.009271585745445735, -0.021724637362960226, 0.355302011704292], "pitch": [-0.03589781606614599, -0.03435401443670244, -0.03609283782700007, -0.03115259128019779, -0.031203331479997324, -0.03262233397935572, -0.0414208789012469, -0.03647049856932008, -0.03788112655715968, -0.03552390060046352, -0.03441813470799767, -0.035452305754632034, -0.036137757860990716, -0.031442539863437244, -0.0026807850860845524, -0.03024371253197842, 0.04505442428134078], "duration": [-0.03578325517915844, -0.04112999207935173, -0.03779782592277475, -0.036742597750720286, -0.03987230508690183, -0.0399108346198355, -0.03832585047440568, -0.036004393773436366, -0.034561649703566406, -0.029404442818362804, -0.02581626206968938, -0.03409209892926506, -0.029602778447814684, -0.03269318160831377, -0.035442560565941646, -0.03870847114253016, -0.033128541950115394]}